country_name,country_code,indicator_name,indicator_code,1960,1961,1962,1963,1964,1965,1966,1967,1968,1969,1970,1971,1972,1973,1974,1975,1976,1977,1978,1979,1980,1981,1982,1983,1984,1985,1986,1987,1988,1989,1990,1991,1992,1993,1994,1995,1996,1997,1998,1999,2000,2001,2002,2003,2004,2005,2006,2007,2008,2009,2010,2011,2012,2013,2014,2015,2016,2017,2018,2019
Aruba,ABW,"Nurses and midwives (per 1,000 people)",SH.MED.NUMW.P3,,,,,,,,,,,,,,,,,,,,,,,,,,,,,,,,,,,,,,,,,,,,,,,,,,,,,,,,,,,,
Afghanistan,AFG,"Nurses and midwives (per 1,000 people)",SH.MED.NUMW.P3,,,,,,,,,,,,,,,,,,,,,,,,,,,,,,,,,,,,,,,,,,,,,,0.5955,0.4492,0.5046,0.5049,0.6162,,,,,0.32,,,,,
Angola,AGO,"Nurses and midwives (per 1,000 people)",SH.MED.NUMW.P3,,,,,,,,,,,,,,,,,,,,,,,,,,,,,,,,,,,,,,0.9031,,,,,,,0.9798,,,,,1.3123,,,,,,,,,,
Albania,ALB,"Nurses and midwives (per 1,000 people)",SH.MED.NUMW.P3,,,,,,,,,,,,,,,,,,,,,,,,,,,,,,,,,,,5.161,,,,,,,,,,,,,4.03,,3.896,,,,4.568,,,3.5998,,,
Andorra,AND,"Nurses and midwives (per 1,000 people)",SH.MED.NUMW.P3,,,,,,,,,,,,,,,,,,,,,,,,,,,,,,,,,,,,,,,,,,,,,,,3.87,4.18,,3.639,4.765,,,,,4.0128,,,,
Arab World,ARB,"Nurses and midwives (per 1,000 people)",SH.MED.NUMW.P3,,,,,,,,,,,,,,,,,,,,,,,,,,,,,,,,,,,,,,,,,,,,,,,,,,,,,,,,2.09223475,,,,
United Arab Emirates,ARE,"Nurses and midwives (per 1,000 people)",SH.MED.NUMW.P3,,,,,,,,,,,,,,,,,,,,,,,,,,,,,,,2.7836,3.768,3.937,3.7506,3.6527,3.5315,3.52,3.5133,4.3297,3.6139,3.3786,3.6921,3.7668,3.9231,3.3357,3.0055,2.831,3.0416,2.8979,3.0201,2.7425,2.9461,3.0914,3.4113,4.0214,5.0419,5.5857,,,
Argentina,ARG,"Nurses and midwives (per 1,000 people)",SH.MED.NUMW.P3,,,,,,,,,,,,,,,,,,,,,,,,,,,,,,,,,2.0502,,2.1413,,,,0.8002,,,0.443,,,0.4825,,,,,,,,,4.2119,,,,2.58,,
Armenia,ARM,"Nurses and midwives (per 1,000 people)",SH.MED.NUMW.P3,,,,,,,,,,,,,,,,,,,,,,,,,,,,,,,,,,,,,,,,,,,,,,,4.92,4.87,,5.01,5.6949,5.7578,5.7434,5.6513,5.6094,,,,,
American Samoa,ASM,"Nurses and midwives (per 1,000 people)",SH.MED.NUMW.P3,,,,,,,,,,,,,,,,,,,,,,,,,,,,,,,,,,,,,,,,,,,,,,,,,,,,,,,,,,,,
Antigua and Barbuda,ATG,"Nurses and midwives (per 1,000 people)",SH.MED.NUMW.P3,,,,,,,,,,,,,,,,,,,,,,,,,,,,,,,,,,,,,,,,2.8484,,,,,,,,3.0306,,,,,,,,,,3.1176,,
Australia,AUS,"Nurses and midwives (per 1,000 people)",SH.MED.NUMW.P3,,,,,,,,,,,,,,,,,,,,,,,,,,,,,,,,,,,,,10.3597,,,,,9.7484,,,,,10.797,,,9.2599,10.4179,10.3775,10.1797,12.3747,12.3747,12.4667,12.6612,,,
Austria,AUT,"Nurses and midwives (per 1,000 people)",SH.MED.NUMW.P3,,,,,,,,,,,,,,,,,,,,,,,,,,,,,,,,,,,,,,,,,,,,9.384,,,6.55,6.642,7.84,,7.812,7.8708,8.0608,8.0975,8.2479,8.1758,8.1778,,,
Azerbaijan,AZE,"Nurses and midwives (per 1,000 people)",SH.MED.NUMW.P3,,,,,,,,,,,,,,,,,,,,,,,,,,,,,,,,,,,,,,,,,,,,,,,8.41,8.42,,8.344,8.0506,7.5969,7.3933,7.2167,6.9621,,,,,
Burundi,BDI,"Nurses and midwives (per 1,000 people)",SH.MED.NUMW.P3,,,,,,,,,,,,,,,,,,,,,,,,,,,,,,,,,,,,,,,,,,,,,0.1877,,,,,,0.6813,,,,,,0.68,,,
Belgium,BEL,"Nurses and midwives (per 1,000 people)",SH.MED.NUMW.P3,,,,,,,,,,,,,,,,,,,,,,,,,,,,,,,,,,,,,,,,,,,,5.829,14.2,,,,,14.1082,10.5851,10.257,10.6277,10.9106,11.0149,10.8193,11.1011,,,
Benin,BEN,"Nurses and midwives (per 1,000 people)",SH.MED.NUMW.P3,,,,,,,,,,,,,,,,,,,,,,,,,,,,,,,,,,,,,,,,,,,,,0.747,,,,0.8197,,0.771,,0.6802,0.6317,,,0.6145,,,
Burkina Faso,BFA,"Nurses and midwives (per 1,000 people)",SH.MED.NUMW.P3,,,,,,,,,,,,,,,,,,,,,,,,,,,,,,,,,,,,,,,,,,,,,0.5032,,0.424,,0.3705,0.4045,0.554,0.4564,0.6312,,,0.24,0.5696,,,
Bangladesh,BGD,"Nurses and midwives (per 1,000 people)",SH.MED.NUMW.P3,,,,,,,,,,,,,,,,,,,,,,,,,,,,,,,,,,,,,,,,,,,,0.267,,0.2752,0.2754,0.1576,0.1574,0.1662,0.1775,0.1874,0.2005,0.1937,0.2481,0.2665,0.2559,0.3067,,
Bulgaria,BGR,"Nurses and midwives (per 1,000 people)",SH.MED.NUMW.P3,,,,,,,,,,,,,,,,,,,,,,,,,,,,,,,,,,,,,,,,,,,,,,,4.57,4.68,4.72,,5.1698,5.186,5.2858,5.3684,5.3029,,,,,
Bahrain,BHR,"Nurses and midwives (per 1,000 people)",SH.MED.NUMW.P3,,,,,,,,,,,,,,,,,,,,,,,,,,,,,,,,,,,,,,,,,2.9807,3.1049,2.8717,2.8252,,2.6867,2.7181,,2.5624,2.5232,2.4595,2.4971,2.4796,2.5034,2.4918,2.4944,,,,
"Bahamas, The",BHS,"Nurses and midwives (per 1,000 people)",SH.MED.NUMW.P3,,,,,,,,,,,,,,,,,,,,,,,,,,,,,,,,,,,,,,,4.5605,,,,,,,,,,3.9891,,,3.9771,,,,,,3.1386,,
Bosnia and Herzegovina,BIH,"Nurses and midwives (per 1,000 people)",SH.MED.NUMW.P3,,,,,,,,,,,,,,,,,,,,,,,,,,,,,,,,,,,,,,,,,,,,,,4.69,,,,5.042,5.7924,5.8996,6.168,6.1171,6.2998,,,,,
Belarus,BLR,"Nurses and midwives (per 1,000 people)",SH.MED.NUMW.P3,,,,,,,,,,,,,,,,,,,,,,,,,,,,,,,,,,,,,,,,,,,,,,,12.51,12.56,,9.1006,11.0705,11.062,11.3717,11.305,11.4383,,,,,
Belize,BLZ,"Nurses and midwives (per 1,000 people)",SH.MED.NUMW.P3,,,,,,,,,,,,,,,,,,,,,,,,,,,,,,,,,,,,,,,,,1.2252,,,,,,,,,1.8159,1.959,,1.1078,,,,,1.6947,,
Bermuda,BMU,"Nurses and midwives (per 1,000 people)",SH.MED.NUMW.P3,,,,,,,,,,,,,,,,,,,,,,,,,,,,,,,,,,,,,,,,,,,,,,,,,,,,,,,,,,,,
Bolivia,BOL,"Nurses and midwives (per 1,000 people)",SH.MED.NUMW.P3,,,,,,,,,,,,,,,,,,,,,,,,,,,,,,,,,,,,,,,,,,2.1293,,,,,,0.6159,,,0.8435,1.006,,,,,0.7357,,,
Brazil,BRA,"Nurses and midwives (per 1,000 people)",SH.MED.NUMW.P3,,,,,,,,,,,,,,,,,,,,,,,,,,,,,,,0.9473,3.185,1.1429,1.2619,1.4142,1.5735,1.8411,2.0513,2.2692,2.5353,3.7602,2.9804,3.3655,3.6461,3.7138,3.7654,3.7603,6.5112,6.4453,,7.3497,,,7.5122,,,,5.9552,9.7083,
Barbados,BRB,"Nurses and midwives (per 1,000 people)",SH.MED.NUMW.P3,,,,,,,,,,,,,,,,,,,,,,,,,,,,,,,,,,,,5.1321,,,,3.7,5.8636,5.8367,,,,4.7847,,,,,4.856,,,,,,,6.0273,,
Brunei Darussalam,BRN,"Nurses and midwives (per 1,000 people)",SH.MED.NUMW.P3,,,,,,,,,,,,,,,,,,,,,,,,,,,,,,,,,,,,,,,,,3.8896,,6.1113,,5.3547,5.4929,5.32,5.108,5.1173,5.1225,7.4788,7.9645,8.2887,7.508,6.4853,6.6012,,,,
Bhutan,BTN,"Nurses and midwives (per 1,000 people)",SH.MED.NUMW.P3,,,,,,,,,,,,,,,,,,,,,,,,,,,,,,,,,,,,,,,,,,,,,0.8043,,,0.7933,0.9501,,0.241,,0.9774,1.0444,1.2325,1.3589,1.4151,1.5094,,
Botswana,BWA,"Nurses and midwives (per 1,000 people)",SH.MED.NUMW.P3,,,,,,,,,,,,,,,,,,,,,,,,,,,,,,,,,,,,,,,2.5545,2.9366,2.499,2.2759,2.3292,2.4663,2.5983,2.4076,2.6568,3.0114,2.8853,2.9375,2.8865,2.8353,2.7837,,,,3.3004,,,
Central African Republic,CAF,"Nurses and midwives (per 1,000 people)",SH.MED.NUMW.P3,,,,,,,,,,,,,,,,,,,,,,,,,,,,,,,,,,,,,,,,,,,,,0.3978,,,,0.1922,0.2491,,,,,,0.2039,,,,
Canada,CAN,"Nurses and midwives (per 1,000 people)",SH.MED.NUMW.P3,,,,,,,,,,,,,,,,,,,,,,,,,,,,,,,,,,,,,,,10.1846,,,10.0115,9.4707,,9.9067,9.9467,10.0236,10.1208,10.289,10.3743,9.3233,9.2368,9.3473,9.4899,9.7638,9.8398,9.9056,,,
Central Europe and the Baltics,CEB,"Nurses and midwives (per 1,000 people)",SH.MED.NUMW.P3,,,,,,,,,,,,,,,,,,,,,,,,,,,,,,,,,,,,,,,,,,,,,,,,,,,,,,,,6.538384862,,,,
Switzerland,CHE,"Nurses and midwives (per 1,000 people)",SH.MED.NUMW.P3,,,,,,,,,,,,,,,,,,,,,,,,,,,,,,,,,,,,,,,,,,,,,,,,,15.96,,16.5847,17.1517,17.1995,16.1315,16.3739,16.8152,17.2828,,,
Channel Islands,CHI,"Nurses and midwives (per 1,000 people)",SH.MED.NUMW.P3,,,,,,,,,,,,,,,,,,,,,,,,,,,,,,,,,,,,,,,,,,,,,,,,,,,,,,,,,,,,
Chile,CHL,"Nurses and midwives (per 1,000 people)",SH.MED.NUMW.P3,,,,,,,,,,,,,,,,,,,,,,,,,,,,,,,,,4.542,,,,,,,,,,0.1142,0.1302,0.1307,0.1302,0.1428,0.1412,0.1467,0.1452,,,,,,,0.86,,,
China,CHN,"Nurses and midwives (per 1,000 people)",SH.MED.NUMW.P3,,,,,,,,,,,,,,,,,,,,,,,,,,,,,,,0.8269,,,,,0.9031,0.9252,0.9466,0.9565,0.9707,0.9818,1.083,0.9546,0.9637,0.9903,1.0155,1.0672,1.1597,1.2413,1.3643,1.4979,1.6319,1.8054,2.0015,2.1491,2.3073,,,,
Cote d'Ivoire,CIV,"Nurses and midwives (per 1,000 people)",SH.MED.NUMW.P3,,,,,,,,,,,,,,,,,,,,,,,,,,,,,,,,,,,,,,,,,,,,,0.5656,0.4902,,,0.4734,,0.483,0.4649,,,0.8517,,,,,
Cameroon,CMR,"Nurses and midwives (per 1,000 people)",SH.MED.NUMW.P3,,,,,,,,,,,,,,,,,,,,,,,,,,,,,,,,,,,,,,,,,,,,,1.5356,0.3849,,0.4472,,0.3924,0.5365,0.9337,,,,,,,,
"Congo, Dem. Rep.",COD,"Nurses and midwives (per 1,000 people)",SH.MED.NUMW.P3,,,,,,,,,,,,,,,,,,,,,,,,,,,,,,,,,,,,,,,,,,,,,0.529,,,,,0.41,,,,0.47,,,,,,
"Congo, Rep.",COG,"Nurses and midwives (per 1,000 people)",SH.MED.NUMW.P3,,,,,,,,,,,,,,,,,,,,,,,,,,,,,,,,,,,,,,,,,,,,,1.0185,,1.3666,0.8782,,,0.824,1.7431,,,,,,,,
Colombia,COL,"Nurses and midwives (per 1,000 people)",SH.MED.NUMW.P3,,,,,,,,,,,,,,,,,,,,,,,,,,,,,,,0.4091,0.4208,0.4315,0.4422,0.4545,0.4663,0.4778,0.4865,0.5096,0.526,,0.5513,0.5759,0.5742,0.5856,0.5971,0.6087,0.6203,0.6321,0.644,0.6559,0.9114,0.9671,1.0239,1.0795,1.14,1.2018,1.2627,,
Comoros,COM,"Nurses and midwives (per 1,000 people)",SH.MED.NUMW.P3,,,,,,,,,,,,,,,,,,,,,,,,,,,,,,,,,,,,,,,,,,,,,0.9846,0.5625,,,,0.7025,,,0.9214,,,,,,,
Cabo Verde,CPV,"Nurses and midwives (per 1,000 people)",SH.MED.NUMW.P3,,,,,,,,,,,,,,,,,,,,,,,,,,,,,,,,,,,,,,,,,,,,,0.874,,,,,0.998,1.0808,1.0687,1.072,1.1421,,1.2272,,,,
Costa Rica,CRI,"Nurses and midwives (per 1,000 people)",SH.MED.NUMW.P3,,,,,,,,,,,,,,,,,,,,,,,,,,,,,,,,,,,,,,,,,0.9306,,,,,,,,,,,,,0.7957,,,,,,
Caribbean small states,CSS,"Nurses and midwives (per 1,000 people)",SH.MED.NUMW.P3,,,,,,,,,,,,,,,,,,,,,,,,,,,,,,,,,,,,,,,,,,,,,,,,,,,,,,,,2.319977463,,,,
Cuba,CUB,"Nurses and midwives (per 1,000 people)",SH.MED.NUMW.P3,,,,,,,,,,,,,,,,,,,,,,,,,,,,,,,,,,,,,,,,,,,7.4773,,,,,8.652,,,9.0897,,8.0943,7.7429,7.9341,,,7.79,,
Curacao,CUW,"Nurses and midwives (per 1,000 people)",SH.MED.NUMW.P3,,,,,,,,,,,,,,,,,,,,,,,,,,,,,,,,,,,,,,,,,,,,,,,,,,,,,,,,,,,,
Cayman Islands,CYM,"Nurses and midwives (per 1,000 people)",SH.MED.NUMW.P3,,,,,,,,,,,,,,,,,,,,,,,,,,,,,,,,,,,,,,,,,,,,,,,,,,,,,,,,,,,,
Cyprus,CYP,"Nurses and midwives (per 1,000 people)",SH.MED.NUMW.P3,,,,,,,,,,,,,,,,,,,,,,,,,,,,,,,3.2325,,,,,3.2979,,,,,,,3.0645,,,,,3.3957,3.4301,3.466,,,,4.0773,4.1222,,5.2517,,,
Czech Republic,CZE,"Nurses and midwives (per 1,000 people)",SH.MED.NUMW.P3,,,,,,,,,,,,,,,,,,,,,,,,,,,,,,,,,,,,,,,,,,,,,,,8.93,8.954,8.55,,8.4691,8.4028,8.422,8.3463,8.6873,8.3691,8.4071,,,
Germany,DEU,"Nurses and midwives (per 1,000 people)",SH.MED.NUMW.P3,,,,,,,,,,,,,,,,,,,,,,,,,,,,,,,,,,,,,,,,,,,,9.72,,8.01,7.991,,10.82,,12.5348,12.6894,12.7797,13.1914,13.4373,12.9241,13.1967,,,
Djibouti,DJI,"Nurses and midwives (per 1,000 people)",SH.MED.NUMW.P3,,,,,,,,,,,,,,,,,,,,,,,,,,,,,,,,,,,,,,,,0.7042,,,0.7371,,0.3841,0.5746,,,,,0.8,,,,0.535,,,,,
Dominica,DMA,"Nurses and midwives (per 1,000 people)",SH.MED.NUMW.P3,,,,,,,,,,,,,,,,,,,,,,,,,,,,,,,,,,,,,,4.4774,,,,6.2841,,,,,,,,,,,,,,,,5.8999,,
Denmark,DNK,"Nurses and midwives (per 1,000 people)",SH.MED.NUMW.P3,,,,,,,,,,,,,,,,,,,,,,,,,,,,,,,,,,,14.3329,,7.228,14.1888,7.983,14.2662,,17.1886,,14.8559,14.5016,14.9804,9.756,14.54,15.4684,15.9842,16.0998,16.2695,16.5601,16.7698,16.9632,17.2138,10.3004,,,
Dominican Republic,DOM,"Nurses and midwives (per 1,000 people)",SH.MED.NUMW.P3,,,,,,,,,,,,,,,,,,,,,,,,,,,,,,,,,,,,,,,,,1.7929,,,,,,,,,1.2988,,1.3338,,,,,,0.3099,,
Algeria,DZA,"Nurses and midwives (per 1,000 people)",SH.MED.NUMW.P3,,,,,,,,,,,,,,,,,,,,,,,,,,,,,,,,,,,,,,,,,,,2.18,,,,,1.9218,,,1.947,,,,,,2.24,,,
East Asia & Pacific (excluding high income),EAP,"Nurses and midwives (per 1,000 people)",SH.MED.NUMW.P3,,,,,,,,,,,,,,,,,,,,,,,,,,,,,,,0.795620899,,,,,,,,,,1.22760998,,,,,,,,,,,,,,,2.153378685,,,,
Early-demographic dividend,EAR,"Nurses and midwives (per 1,000 people)",SH.MED.NUMW.P3,,,,,,,,,,,,,,,,,,,,,,,,,,,,,,,,,,,,,,,,,1.366096122,,,,,,,,,,,,,,,1.929007439,,,,
East Asia & Pacific,EAS,"Nurses and midwives (per 1,000 people)",SH.MED.NUMW.P3,,,,,,,,,,,,,,,,,,,,,,,,,,,,,,,1.255969185,,,,,,,,,,1.905664504,,,,,,,,,,,,,,,2.934116138,,,,
Europe & Central Asia (excluding high income),ECA,"Nurses and midwives (per 1,000 people)",SH.MED.NUMW.P3,,,,,,,,,,,,,,,,,,,,,,,,,,,,,,,,,,,,,,,,,,,,,,,,,,,,,,,,7.020819055,,,,
Europe & Central Asia,ECS,"Nurses and midwives (per 1,000 people)",SH.MED.NUMW.P3,,,,,,,,,,,,,,,,,,,,,,,,,,,,,,,,,,,,,,,,,,,,,,,,,,,,,,,,8.093393121,,,,
Ecuador,ECU,"Nurses and midwives (per 1,000 people)",SH.MED.NUMW.P3,,,,,,,,,,,,,,,,,,,,,,,,,,,,,,,1.6004,1.667,1.6895,1.444,1.6406,1.6056,1.7023,1.7107,1.6376,1.6588,1.6301,1.5909,1.6362,1.5329,,,,,,1.8898,1.6679,2.0843,,,,2.4882,1.2,,,
"Egypt, Arab Rep.",EGY,"Nurses and midwives (per 1,000 people)",SH.MED.NUMW.P3,,,,,,,,,,,,,,,,,,,,,,,,,,,,,,,,,,,,,,,,,,,,,1.9469,,2.2978,,,,3.52,,,1.4741,1.399,1.5,1.3835,1.3989,,
Euro area,EMU,"Nurses and midwives (per 1,000 people)",SH.MED.NUMW.P3,,,,,,,,,,,,,,,,,,,,,,,,,,,,,,,,,,,,,,,,,,,,,,,,,,,,,,,,9.12632604,,,,
Eritrea,ERI,"Nurses and midwives (per 1,000 people)",SH.MED.NUMW.P3,,,,,,,,,,,,,,,,,,,,,,,,,,,,,,,,,,,,,,,,,,,,,0.6492,,,,,,,,,,,,,,,
Spain,ESP,"Nurses and midwives (per 1,000 people)",SH.MED.NUMW.P3,,,,,,,,,,,,,,,,,,,,,,,,,,,,,,,4.0324,4.0932,4.1728,4.2356,4.2238,4.3151,4.4248,4.532,4.78,4.8678,4.9992,5.0384,5.0819,5.1759,5.2013,5.2449,5.3001,5.3529,5.4355,5.4963,5.1266,5.2008,5.235,5.4898,5.5113,5.2919,5.5307,,,
Estonia,EST,"Nurses and midwives (per 1,000 people)",SH.MED.NUMW.P3,,,,,,,,,,,,,,,,,,,,,,,,,,,,,,,,,,,,,,,,,8.6391,,,,,,6.98,,6.82,,6.6767,6.8089,6.4495,6.1751,6.2811,6.3522,6.4526,,,
Ethiopia,ETH,"Nurses and midwives (per 1,000 people)",SH.MED.NUMW.P3,,,,,,,,,,,,,,,,,,,,,,,,,,,,,,,,,,,,,,,,,,,,0.2143,0.2083,0.2451,0.2263,0.224,0.2015,0.2516,0.236,,,,,,,0.84,,
European Union,EUU,"Nurses and midwives (per 1,000 people)",SH.MED.NUMW.P3,,,,,,,,,,,,,,,,,,,,,,,,,,,,,,,,,,,,,,,,,,,,,,,,,,,,,,,,8.582271942,,,,
Fragile and conflict affected situations,FCS,"Nurses and midwives (per 1,000 people)",SH.MED.NUMW.P3,,,,,,,,,,,,,,,,,,,,,,,,,,,,,,,,,,,,,,,,,,,,,,,,,,,,,,,,0.862537977,,,,
Finland,FIN,"Nurses and midwives (per 1,000 people)",SH.MED.NUMW.P3,,,,,,,,,,,,,,,,,,,,,,,,,,,,,,,,,,,,,,,,,,,15.0386,,,,8.92,15.52,,23.7467,14.6606,14.9044,14.966,14.8538,15.0865,,14.723,,,
Fiji,FJI,"Nurses and midwives (per 1,000 people)",SH.MED.NUMW.P3,,,,,,,,,,,,,,,,,,,,,,,,,,,,,,,,,,,,,,,,1.9541,,,,2.0328,,,,,2.1155,2.2969,2.242,,,2.8567,,2.938,,,,
France,FRA,"Nurses and midwives (per 1,000 people)",SH.MED.NUMW.P3,,,,,,,,,,,,,,,,,,,,,,,,,,,,,,,,5.5735,,,,,6.0909,,,6.424,6.6648,6.8807,7.0731,7.2521,7.4509,7.6597,7.8906,8.0835,7.94,,,9.5763,9.9941,10.3056,10.6163,10.9403,9.6887,,,
Faroe Islands,FRO,"Nurses and midwives (per 1,000 people)",SH.MED.NUMW.P3,,,,,,,,,,,,,,,,,,,,,,,,,,,,,,,,,,,,,,,,,,,,,,,,,,,,,,,,,,,,
"Micronesia, Fed. Sts.",FSM,"Nurses and midwives (per 1,000 people)",SH.MED.NUMW.P3,,,,,,,,,,,,,,,,,,,,,,,,,,,,,,,,,,,,,,,,,3.8827,,,2.3408,,2.3446,,,2.6794,3.6058,3.319,,,,,,,,,
Gabon,GAB,"Nurses and midwives (per 1,000 people)",SH.MED.NUMW.P3,,,,,,,,,,,,,,,,,,,,,,,,,,,,,,,,,,,,,,,,,,,,,4.9685,,,,,,,,,,,,2.5806,,,
United Kingdom,GBR,"Nurses and midwives (per 1,000 people)",SH.MED.NUMW.P3,,,,,,,,,,,,,,,,,,,,,,,,,,,,,,,,,,,,,,12.1551,,,,,,0.628,,,,,,,9.9578,9.2669,9.1179,9.0978,8.6354,8.8271,8.3341,8.2878,,
Georgia,GEO,"Nurses and midwives (per 1,000 people)",SH.MED.NUMW.P3,,,,,,,,,,,,,,,,,,,,,,,,,,,,,,,,,,,,,,,,,,,,,,,4.03,3.89,3.3167,3.2477,4.0419,4.0095,3.8369,3.9331,4.0134,4.0914,,,,
Ghana,GHA,"Nurses and midwives (per 1,000 people)",SH.MED.NUMW.P3,,,,,,,,,,,,,,,,,,,,,,,,,,,,,,,,,,,,,,,,,,,,,0.939,,,,0.9801,1.0448,0.9182,,,1.5912,,,1.5493,1.2,,
Gibraltar,GIB,"Nurses and midwives (per 1,000 people)",SH.MED.NUMW.P3,,,,,,,,,,,,,,,,,,,,,,,,,,,,,,,,,,,,,,,,,,,,,,,,,,,,,,,,,,,,
Guinea,GIN,"Nurses and midwives (per 1,000 people)",SH.MED.NUMW.P3,,,,,,,,,,,,,,,,,,,,,,,,,,,,,,,,,,,,,,,,,0.432,,,,0.4645,,,,,,,,,,,,0.3844,,,
"Gambia, The",GMB,"Nurses and midwives (per 1,000 people)",SH.MED.NUMW.P3,,,,,,,,,,,,,,,,,,,,,,,,,,,,,,,,,,,,,,,,,,,,1.389,0.4969,0.5069,0.505,0.8206,0.8882,,0.568,,1.3801,,,1.6292,,,,
Guinea-Bissau,GNB,"Nurses and midwives (per 1,000 people)",SH.MED.NUMW.P3,,,,,,,,,,,,,,,,,,,,,,,,,,,,,,,,,,,,,,,,,,,,,0.7939,,,,0.6436,0.6867,0.551,0.5507,,,,1.4,,,,
Equatorial Guinea,GNQ,"Nurses and midwives (per 1,000 people)",SH.MED.NUMW.P3,,,,,,,,,,,,,,,,,,,,,,,,,,,,,,,,,,,,,,,,,,,,,0.3739,,,,,,,,,,,,,0.5,,
Greece,GRC,"Nurses and midwives (per 1,000 people)",SH.MED.NUMW.P3,,,,,,,,,,,,,,,,,,,,,,,,,,,,,,,,,,,,,,,,,3.864,,,,,3.6,3.476,,3.66,,3.5801,3.6042,3.7119,3.6622,3.5918,3.3269,3.3728,,,
Grenada,GRD,"Nurses and midwives (per 1,000 people)",SH.MED.NUMW.P3,,,,,,,,,,,,,,,,,,,,,,,,,,,,,,,,,,,,,,,,3.8856,3.6024,3.5953,3.5847,3.5742,,,3.8529,,,,,,,,,,,3.1447,,
Greenland,GRL,"Nurses and midwives (per 1,000 people)",SH.MED.NUMW.P3,,,,,,,,,,,,,,,,,,,,,,,,,,,,,,,,,,,,,,,,,,,,,,,,,,,,,,,,,,,,
Guatemala,GTM,"Nurses and midwives (per 1,000 people)",SH.MED.NUMW.P3,,,,,,,,,,,,,,,,,,,,,,,,,,,,,,,,,,,,,,,,,,,,,,,,,,0.8698,,,,,,,,,0.947,
Guam,GUM,"Nurses and midwives (per 1,000 people)",SH.MED.NUMW.P3,,,,,,,,,,,,,,,,,,,,,,,,,,,,,,,,,,,,,,,,,,,,,,,,,,,,,,,,,,,,
Guyana,GUY,"Nurses and midwives (per 1,000 people)",SH.MED.NUMW.P3,,,,,,,,,,,,,,,,,,,,,,,,,,,,,,,,,,,,,,,,,2.3072,,,,,,,,,1.3263,1.0099,,,,,,,,1.3398,
High income,HIC,"Nurses and midwives (per 1,000 people)",SH.MED.NUMW.P3,,,,,,,,,,,,,,,,,,,,,,,,,,,,,,,,,,,,,,,,,,,,,,,,,,,,,,,,8.78813099,,,,
"Hong Kong SAR, China",HKG,"Nurses and midwives (per 1,000 people)",SH.MED.NUMW.P3,,,,,,,,,,,,,,,,,,,,,,,,,,,,,,,,,,,,,,,,,,,,,,,,,,,,,,,,,,,,
Honduras,HND,"Nurses and midwives (per 1,000 people)",SH.MED.NUMW.P3,,,,,,,,,,,,,,,,,,,,,,,,,,,,,,,,,,,,,,,,,1.3071,,,,,1.0573,,,,,,,,0.3799,,,1.703,0.8815,,
Heavily indebted poor countries (HIPC),HPC,"Nurses and midwives (per 1,000 people)",SH.MED.NUMW.P3,,,,,,,,,,,,,,,,,,,,,,,,,,,,,,,,,,,,,,,,,,,,,,,,,,,,,,,,0.619161216,,,,
Croatia,HRV,"Nurses and midwives (per 1,000 people)",SH.MED.NUMW.P3,,,,,,,,,,,,,,,,,,,,,,,,,,,,,,,,,,,,,,,,,,,,,,,5.46,5.58,,,6.1349,6.2776,6.3945,6.9272,6.5095,,8.1134,,,
Haiti,HTI,"Nurses and midwives (per 1,000 people)",SH.MED.NUMW.P3,,,,,,,,,,,,,,,,,,,,,,,,,,,,,,,,,,,,,,,0.101,,,,,,,,,,,,,1.1811,,,,,,,0.6804,
Hungary,HUN,"Nurses and midwives (per 1,000 people)",SH.MED.NUMW.P3,,,,,,,,,,,,,,,,,,,,,,,,,,,,,,,,,,,,,,,,,,,,,,,,,,,6.6136,6.608,6.5309,6.631,6.6192,6.6811,6.6425,,,
IBRD only,IBD,"Nurses and midwives (per 1,000 people)",SH.MED.NUMW.P3,,,,,,,,,,,,,,,,,,,,,,,,,,,,,,,0.707709058,,,,,,,,,,1.385467816,,,,,,,,,,,,,,,2.847062486,,,,
IDA & IBRD total,IBT,"Nurses and midwives (per 1,000 people)",SH.MED.NUMW.P3,,,,,,,,,,,,,,,,,,,,,,,,,,,,,,,,,,,,,,,,,1.324440948,,,,,,,,,,,,,,,2.408690157,,,,
IDA total,IDA,"Nurses and midwives (per 1,000 people)",SH.MED.NUMW.P3,,,,,,,,,,,,,,,,,,,,,,,,,,,,,,,,,,,,,,,,,,,,,,,,,,,,,,,,1.076270838,,,,
IDA blend,IDB,"Nurses and midwives (per 1,000 people)",SH.MED.NUMW.P3,,,,,,,,,,,,,,,,,,,,,,,,,,,,,,,,,,,,,,,,,,,,,,,,,,,,,,,,1.73159097,,,,
Indonesia,IDN,"Nurses and midwives (per 1,000 people)",SH.MED.NUMW.P3,,,,,,,,,,,,,,,,,,,,,,,,,,,,,,,,,0.6264,,,,,,,,,,,0.816,,,,2.041,,0.8122,1.0581,,1.3601,1.1443,,1.3001,,2.0583,,
IDA only,IDX,"Nurses and midwives (per 1,000 people)",SH.MED.NUMW.P3,,,,,,,,,,,,,,,,,,,,,,,,,,,,,,,,,,,,,,,,,,,,,,,,,,,,,,,,0.735364967,,,,
Isle of Man,IMN,"Nurses and midwives (per 1,000 people)",SH.MED.NUMW.P3,,,,,,,,,,,,,,,,,,,,,,,,,,,,,,,,,,,,,,,,,,,,,,,,,,,2.273,,,,,,,,,
India,IND,"Nurses and midwives (per 1,000 people)",SH.MED.NUMW.P3,,,,,,,,,,,,,,,,,,,,,,,,,,,,,,,,0.3767,,,,,,,,,1.1693,1.1856,,1.2481,1.2631,1.2947,,1.3329,1.3801,1.4021,1.5394,1.7035,1.1132,1.2218,1.3757,,2.0981,2.1071,,
Not classified,INX,"Nurses and midwives (per 1,000 people)",SH.MED.NUMW.P3,,,,,,,,,,,,,,,,,,,,,,,,,,,,,,,,,,,,,,,,,,,,,,,,,,,,,,,,,,,,
Ireland,IRL,"Nurses and midwives (per 1,000 people)",SH.MED.NUMW.P3,,,,,,,,,,,,,,,,,,,,,,,,,,,,,,,,,,,,,,,,,,,,,15.197,,15.102,15.759,,,,12.819,,,,13.8727,14.2949,,,
"Iran, Islamic Rep.",IRN,"Nurses and midwives (per 1,000 people)",SH.MED.NUMW.P3,,,,,,,,,,,,,,,,,,,,,,,,,,,,,,,,,,,,,,,,,,,,,1.3827,1.3919,1.6731,,,,1.41,1.9745,,,1.5453,1.87,,,,
Iraq,IRQ,"Nurses and midwives (per 1,000 people)",SH.MED.NUMW.P3,,,,,,,,,,,,,,,,,,,,,,,,,,,,,,,,,,,,,,,,,,,,,,1.32,,1.049,,,,,,,1.824,,1.94,1.6799,,
Iceland,ISL,"Nurses and midwives (per 1,000 people)",SH.MED.NUMW.P3,,,,,,,,,,,,,,,,,,,,,,,,,,,,,,,,,,,,,,,,,14.03,14.012,14.1045,14.4583,14.507,14.8407,14.7047,15.0917,16.0051,16.2006,15.2201,15.4793,15.7266,16.107,16.1005,16.3144,15.1429,15.6806,,
Israel,ISR,"Nurses and midwives (per 1,000 people)",SH.MED.NUMW.P3,,,,,,,,,,,,,,,,,,,,,,,,,,,,,,,,,,,,8.1349,,,,,,,,,,,6.22,6.15,,,5.2634,5.375,4.9529,5.0121,5.0328,5.0715,5.2044,,,
Italy,ITA,"Nurses and midwives (per 1,000 people)",SH.MED.NUMW.P3,,,,,,,,,,,,,,,,,,,,,,,,,,,,,,,,,,,,,,,,,,,,5.44,,,6.932,,,,,6.9414,6.8862,6.608,5.6446,5.8184,5.957,5.8693,,
Jamaica,JAM,"Nurses and midwives (per 1,000 people)",SH.MED.NUMW.P3,,,,,,,,,,,,,,,,,,,,,,,,,,,,,,,,,,,,,,,,,,,,1.6125,,,,,1.0501,,,,1.5125,1.4384,1.4336,1.4583,1.6204,1.1397,,
Jordan,JOR,"Nurses and midwives (per 1,000 people)",SH.MED.NUMW.P3,,,,,,,,,,,,,,,,,,,,,,,,,,,,,,,,,,,,,,,2.8186,2.9269,3.0507,3.0638,2.838,2.9994,3.2871,3.05,3.339,3.0479,2.9871,3.5362,3.5728,,,3.4776,3.4467,2.5822,1.89,3.3886,,
Japan,JPN,"Nurses and midwives (per 1,000 people)",SH.MED.NUMW.P3,,,,,,,,,,,,,,,,,,,,,,,,,,,,,,,6.3729,,6.7448,,7.2509,,7.7699,,8.2161,,8.6546,,9.0697,,9.4423,,9.8112,,10.2952,,10.2731,11.6382,10.6889,,11.1212,,11.5184,,,
Kazakhstan,KAZ,"Nurses and midwives (per 1,000 people)",SH.MED.NUMW.P3,,,,,,,,,,,,,,,,,,,,,,,,,,,,,,,,,,,,,,,,,,,,,,,7.64,7.83,,8.276,8.2398,8.4178,8.5564,8.489,,,,,,
Kenya,KEN,"Nurses and midwives (per 1,000 people)",SH.MED.NUMW.P3,,,,,,,,,,,,,,,,,,,,,,,,,,,,,,,,,,,,,,,,,,,,,0.4603,,,,0.3595,0.3963,0.7177,1.4152,1.4152,1.4444,1.5421,,,,,
Kyrgyz Republic,KGZ,"Nurses and midwives (per 1,000 people)",SH.MED.NUMW.P3,,,,,,,,,,,,,,,,,,,,,,,,,,,,,,,,,,,,,,,,,,,,,,,5.79,5.662,5.5155,5.4881,6.0229,6.2274,6.3701,6.4299,,,,,,
Cambodia,KHM,"Nurses and midwives (per 1,000 people)",SH.MED.NUMW.P3,,,,,,,,,,,,,,,,,,,,,,,,,,,,,,,,,,,,,1.0592,,1.0079,,0.9155,,,,,,,,0.8455,0.8546,0.8562,0.8735,0.9232,0.9598,0.9547,,,,,
Kiribati,KIR,"Nurses and midwives (per 1,000 people)",SH.MED.NUMW.P3,,,,,,,,,,,,,,,,,,,,,,,,,,,,,,,,,,,,,,,2.3407,,,,,,2.8729,,,,3.6687,3.523,3.9376,3.9351,,4.6175,,,4.8287,,,
St. Kitts and Nevis,KNA,"Nurses and midwives (per 1,000 people)",SH.MED.NUMW.P3,,,,,,,,,,,,,,,,,,,,,,,,,,,,,,,6.9363,6.9268,6.9082,6.8421,5.9434,5.641,5.8525,5.5479,5.6208,5.8929,4.714,6.3913,,,,,,,,,,,,,,3.9779,,,,
"Korea, Rep.",KOR,"Nurses and midwives (per 1,000 people)",SH.MED.NUMW.P3,,,,,,,,,,,,,,,,,,,,,,,,,,,,,,,,,,,,,,,,,,,,1.747,4.3433,4.5639,4.752,4.9788,5.1892,5.4106,5.6243,4.7499,4.8727,5.2442,5.6345,6.0115,6.8594,6.9735,,
Kuwait,KWT,"Nurses and midwives (per 1,000 people)",SH.MED.NUMW.P3,,,,,,,,,,,,,,,,,,,,,,,,,,,,,,,,,,,,,,,,,,4.36,,,,3.7,4.1467,4.3269,4.6827,4.8083,6.5158,6.4542,6.3323,6.0813,6.4997,6.9694,,,,
Latin America & Caribbean (excluding high income),LAC,"Nurses and midwives (per 1,000 people)",SH.MED.NUMW.P3,,,,,,,,,,,,,,,,,,,,,,,,,,,,,,,,,,,,,,,,,2.100376563,,,,,,,,,,,,,,,4.889926155,,,,
Lao PDR,LAO,"Nurses and midwives (per 1,000 people)",SH.MED.NUMW.P3,,,,,,,,,,,,,,,,,,,,,,,,,,,,,,,,,,,,1.2552,,,,,1.0232,,,,0.9886,0.9948,,,,0.8651,0.8576,,0.87,0.928,0.9756,,,,,
Lebanon,LBN,"Nurses and midwives (per 1,000 people)",SH.MED.NUMW.P3,,,,,,,,,,,,,,,,,,,,,,,,,,,,,,,,,,,,,,,,,,1.2372,,,,1.1839,,1.6961,,1.981,2.0269,2.5248,,2.615,2.4935,2.4438,2.4774,2.6448,,
Liberia,LBR,"Nurses and midwives (per 1,000 people)",SH.MED.NUMW.P3,,,,,,,,,,,,,,,,,,,,,,,,,,,,,,,,,,,,,,,,,,,,,0.3258,,,,0.267,,0.4572,,,,,0.1007,,,,
Libya,LBY,"Nurses and midwives (per 1,000 people)",SH.MED.NUMW.P3,,,,,,,,,,,,,,,,,,,,,,,,,,,,,,,,,,,,,,3.4743,,,,,,,4.7609,,,,5.5327,7.0219,6.8,,,7.0999,6.9657,,,6.7416,,
St. Lucia,LCA,"Nurses and midwives (per 1,000 people)",SH.MED.NUMW.P3,,,,,,,,,,,,,,,,,,,,,,,,,,,,,,,,,,,,,,,,2.1327,,2.3407,,3.0745,2.312,1.9914,,,,,,,,,1.5873,,,,,
Latin America & Caribbean,LCN,"Nurses and midwives (per 1,000 people)",SH.MED.NUMW.P3,,,,,,,,,,,,,,,,,,,,,,,,,,,,,,,,,,,,,,,,,2.040049194,,,,,,,,,,,,,,,4.722211914,,,,
Least developed countries: UN classification,LDC,"Nurses and midwives (per 1,000 people)",SH.MED.NUMW.P3,,,,,,,,,,,,,,,,,,,,,,,,,,,,,,,,,,,,,,,,,,,,,,,,,,,,,,,,0.635153336,,,,
Low income,LIC,"Nurses and midwives (per 1,000 people)",SH.MED.NUMW.P3,,,,,,,,,,,,,,,,,,,,,,,,,,,,,,,,,,,,,,,,,,,,,,,,,,,,,,,,0.860370588,,,,
Liechtenstein,LIE,"Nurses and midwives (per 1,000 people)",SH.MED.NUMW.P3,,,,,,,,,,,,,,,,,,,,,,,,,,,,,,,,,,,,,,,,,,,,,,,,,,,,,,,,,,,,
Sri Lanka,LKA,"Nurses and midwives (per 1,000 people)",SH.MED.NUMW.P3,,,,,,,,,,,,,,,,,,,,,,,,,,,,,,,0.7371,0.8014,0.8677,1.0296,0.9647,1.0846,0.7584,0.7477,0.7873,0.7527,1.1916,0.8352,1.0624,,1.7155,1.4092,1.6737,2.0533,1.5072,1.559,1.751,,,2.0085,,2.487,2.1155,,,
Lower middle income,LMC,"Nurses and midwives (per 1,000 people)",SH.MED.NUMW.P3,,,,,,,,,,,,,,,,,,,,,,,,,,,,,,,,,,,,,,,,,,,,,,,,,,,,,,,,1.801820778,,,,
Low & middle income,LMY,"Nurses and midwives (per 1,000 people)",SH.MED.NUMW.P3,,,,,,,,,,,,,,,,,,,,,,,,,,,,,,,,,,,,,,,,,1.348176027,,,,,,,,,,,,,,,2.407681636,,,,
Lesotho,LSO,"Nurses and midwives (per 1,000 people)",SH.MED.NUMW.P3,,,,,,,,,,,,,,,,,,,,,,,,,,,,,,,,,,,,,,,,,,,,0.5855,,,,,,,0.6508,,,,,,,,,
Late-demographic dividend,LTE,"Nurses and midwives (per 1,000 people)",SH.MED.NUMW.P3,,,,,,,,,,,,,,,,,,,,,,,,,,,,,,,0.876336863,,,,,,,,,,1.351590926,,,,,,,,,,,,,,,3.643893854,,,,
Lithuania,LTU,"Nurses and midwives (per 1,000 people)",SH.MED.NUMW.P3,,,,,,,,,,,,,,,,,,,,,,,,,,,,,,,,,,,,,,,,,,,,,,,7.65,7.567,7.32,,7.8779,7.6993,7.7651,7.749,7.8304,7.9034,7.9155,,,
Luxembourg,LUX,"Nurses and midwives (per 1,000 people)",SH.MED.NUMW.P3,,,,,,,,,,,,,,,,,,,,,,,,,,,,,,,,,,,,,,,,,,,,,9.63,10.366,11.32,,,,11.7543,11.9619,12.2539,12.271,12.3171,12.3346,12.2408,12.3496,,
Latvia,LVA,"Nurses and midwives (per 1,000 people)",SH.MED.NUMW.P3,,,,,,,,,,,,,,,,,,,,,,,,,,,,,,,6.9918,6.8134,6.348,6.0402,5.2823,5.1537,5.0081,4.82,4.6052,4.3848,4.3895,4.3164,4.3087,4.4245,4.5355,4.5959,4.5308,4.5818,4.7848,4.349,5.1548,5.071,4.9763,5.0108,4.965,4.8482,4.8155,,,
"Macao SAR, China",MAC,"Nurses and midwives (per 1,000 people)",SH.MED.NUMW.P3,,,,,,,,,,,,,,,,,,,,,,,,,,,,,,,,,,,,,,,,,,,,,,,,,,,,,,,,,,,,
St. Martin (French part),MAF,"Nurses and midwives (per 1,000 people)",SH.MED.NUMW.P3,,,,,,,,,,,,,,,,,,,,,,,,,,,,,,,,,,,,,,,,,,,,,,,,,,,,,,,,,,,,
Morocco,MAR,"Nurses and midwives (per 1,000 people)",SH.MED.NUMW.P3,,,,,,,,,,,,,,,,,,,,,,,,,,,,,,,,,,,,,,,,,,,,,0.8061,,,,,0.9281,0.89,,,0.89,0.8623,,,1.0979,,
Monaco,MCO,"Nurses and midwives (per 1,000 people)",SH.MED.NUMW.P3,,,,,,,,,,,,,,,,,,,,,,,,,,,,,,,,,,,,14.5,,,,,,,,,,,,,,,,16.7733,17.9101,18.7632,20.2625,,,,,
Moldova,MDA,"Nurses and midwives (per 1,000 people)",SH.MED.NUMW.P3,,,,,,,,,,,,,,,,,,,,,,,,,,,,,,,,,,,,,,,,,,,,,,,6.2,6.65,,,5.8438,5.8368,5.7957,5.6736,5.5006,4.5113,,,,
Madagascar,MDG,"Nurses and midwives (per 1,000 people)",SH.MED.NUMW.P3,,,,,,,,,,,,,,,,,,,,,,,,,,,,,,,,,,,,,,,,,,,0.3129,0.3035,0.2854,0.35,0.3022,0.2941,0.2811,0.243,0.2233,0.2179,0.2174,,0.1059,,,,,
Maldives,MDV,"Nurses and midwives (per 1,000 people)",SH.MED.NUMW.P3,,,,,,,,,,,,,,,,,,,,,,,,,,,,,,,,0.6527,,0.7753,,,1.3922,,,,,,,,2.8544,,,4.579,,5.2073,5.1248,,,,5.7227,7.1463,3.9504,,,
Middle East & North Africa,MEA,"Nurses and midwives (per 1,000 people)",SH.MED.NUMW.P3,,,,,,,,,,,,,,,,,,,,,,,,,,,,,,,,,,,,,,,,,,,,,,,,,,,,,,,,2.315241865,,,,
Mexico,MEX,"Nurses and midwives (per 1,000 people)",SH.MED.NUMW.P3,,,,,,,,,,,,,,,,,,,,,,,,,,,,,,,,,,,,,,,,,0.8718,,,,3.98,,,,,2.371,2.3455,2.4378,2.4738,2.5335,2.5964,2.6686,2.9,,,
Marshall Islands,MHL,"Nurses and midwives (per 1,000 people)",SH.MED.NUMW.P3,,,,,,,,,,,,,,,,,,,,,,,,,,,,,,,,,,,,,,,,,2.98,,,,,,,3.6084,2.603,,2.4237,3.7143,3.5484,,,,,,,
Middle income,MIC,"Nurses and midwives (per 1,000 people)",SH.MED.NUMW.P3,,,,,,,,,,,,,,,,,,,,,,,,,,,,,,,0.675834298,,,,,,,,,,1.368197072,,,,,,,,,,,,,,,2.588879355,,,,
North Macedonia,MKD,"Nurses and midwives (per 1,000 people)",SH.MED.NUMW.P3,,,,,,,,,,,,,,,,,,,,,,,,,,,,,,,,,,,,,,,,,,,,,,,4.34,,0.612,,4.7805,4.7703,4.7237,4.7545,,3.7917,,,,
Mali,MLI,"Nurses and midwives (per 1,000 people)",SH.MED.NUMW.P3,,,,,,,,,,,,,,,,,,,,,,,,,,,,,,,,,,,,,,,,,,,,,0.6729,,,0.2107,0.297,0.443,0.4454,0.3671,0.3765,,,,0.382,,,
Malta,MLT,"Nurses and midwives (per 1,000 people)",SH.MED.NUMW.P3,,,,,,,,,,,,,,,,,,,,,,,,,,,,,,,,,,,,,,,,,,,,,,,5.98,6.272,,6.631,7.1858,7.4474,7.4596,7.8639,8.9145,8.95,,,,
Myanmar,MMR,"Nurses and midwives (per 1,000 people)",SH.MED.NUMW.P3,,,,,,,,,,,,,,,,,,,,,,,,,,,,,,,,,,,,,,,,,,,,,,0.7533,0.7939,0.816,0.8372,0.8693,0.9012,0.9292,0.9585,,,0.3824,1.0375,0.9794,,
Middle East & North Africa (excluding high income),MNA,"Nurses and midwives (per 1,000 people)",SH.MED.NUMW.P3,,,,,,,,,,,,,,,,,,,,,,,,,,,,,,,,,,,,,,,,,,,,,,,,,,,,,,,,1.752603675,,,,
Montenegro,MNE,"Nurses and midwives (per 1,000 people)",SH.MED.NUMW.P3,,,,,,,,,,,,,,,,,,,,,,,,,,,,,,,,,,,,,,,,,,,,,,,5.65,5.54,,5.793,5.6736,5.498,5.3113,5.7822,5.8244,5.7179,,,,
Mongolia,MNG,"Nurses and midwives (per 1,000 people)",SH.MED.NUMW.P3,,,,,,,,,,,,,,,,,,,,,,,,,,,,,,,,,,,,,,,,,,,3.6117,,,,,,3.6547,3.6297,3.6407,3.673,3.7965,3.8214,4.048,,3.9846,,,
Northern Mariana Islands,MNP,"Nurses and midwives (per 1,000 people)",SH.MED.NUMW.P3,,,,,,,,,,,,,,,,,,,,,,,,,,,,,,,,,,,,,,,,,,,,,,,,,,,,,,,,,,,,
Mozambique,MOZ,"Nurses and midwives (per 1,000 people)",SH.MED.NUMW.P3,,,,,,,,,,,,,,,,,,,,,,,,,,,,,,,,,,,,,,,,,,,,,0.3044,,0.2884,0.5219,0.341,0.3843,0.3925,0.381,0.3928,0.4017,,,,0.4436,,
Mauritania,MRT,"Nurses and midwives (per 1,000 people)",SH.MED.NUMW.P3,,,,,,,,,,,,,,,,,,,,,,,,,,,,,,,,,,,,,,,,,,,,,0.6221,,,,,0.6568,0.7766,,,0.667,0.9464,0.9892,,1.0341,,
Mauritius,MUS,"Nurses and midwives (per 1,000 people)",SH.MED.NUMW.P3,,,,,,,,,,,,,,,,,,,,,,,,,,,,,,,,,,,,,,,,,,,,,3.7871,,,2.6744,2.7435,2.8135,2.8846,2.9337,2.9815,3.157,3.2811,3.3831,,,,
Malawi,MWI,"Nurses and midwives (per 1,000 people)",SH.MED.NUMW.P3,,,,,,,,,,,,,,,,,,,,,,,,,,,,,,,,,,,,,,,,,,,,,0.5731,,,,0.273,0.327,0.283,,,,,,0.2528,,,
Malaysia,MYS,"Nurses and midwives (per 1,000 people)",SH.MED.NUMW.P3,,,,,,,,,,,,,,,,,,,,,,,,,,,,,,,,,,,,,,,,,1.6752,,1.7927,,,,,,2.687,,3.2085,3.3893,3.8008,,,4.0718,,,,
North America,NAC,"Nurses and midwives (per 1,000 people)",SH.MED.NUMW.P3,,,,,,,,,,,,,,,,,,,,,,,,,,,,,,,,,,,,,,,,,9.520677892,,,,,,,,,,,,,,,8.685781911,,,,
Namibia,NAM,"Nurses and midwives (per 1,000 people)",SH.MED.NUMW.P3,,,,,,,,,,,,,,,,,,,,,,,,,,,,,,,,,,,,,,,,,,,,,3.0584,,,2.7646,,,2.775,,,,,,,,,
New Caledonia,NCL,"Nurses and midwives (per 1,000 people)",SH.MED.NUMW.P3,,,,,,,,,,,,,,,,,,,,,,,,,,,,,,,,,,,,,,,,,,,,,,,,,,,,,,,,,,,,
Niger,NER,"Nurses and midwives (per 1,000 people)",SH.MED.NUMW.P3,,,,,,,,,,,,,,,,,,,,,,,,,,,,,,,,,,,,,,,,,,,,,0.2147,,,,0.1389,0.2043,0.137,,,0.2415,0.3109,,,,,
Nigeria,NGA,"Nurses and midwives (per 1,000 people)",SH.MED.NUMW.P3,,,,,,,,,,,,,,,,,,,,,,,,,,,,,,,,,,,,,,,,,,,,1.5936,,1.5361,1.5026,1.4985,1.4962,1.0762,1.3561,,,1.4524,,,,,,
Nicaragua,NIC,"Nurses and midwives (per 1,000 people)",SH.MED.NUMW.P3,,,,,,,,,,,,,,,,,,,,,,,,,,,,,,,,,,,,,,,,,,,,1.1185,,1.17,1.1713,1.197,1.3084,1.3209,1.2838,1.3881,1.3941,1.3864,1.3839,,,,1.5775,
Netherlands,NLD,"Nurses and midwives (per 1,000 people)",SH.MED.NUMW.P3,,,,,,,,,,,,,,,,,,,,,,,,,,,,,,,,,,,,,,,,,,,,,,,14.61,15.145,8.517,,,,,,10.5284,10.4675,11.1043,,,
Norway,NOR,"Nurses and midwives (per 1,000 people)",SH.MED.NUMW.P3,,,,,,,,,,,,,,,,,,,,,,,,,,,,,,,,,,,,,,,,,,,,,,,16.22,16.329,14.76,31.1431,17.1921,17.4917,17.6343,17.7637,17.9853,17.8622,17.9793,18.1247,,
Nepal,NPL,"Nurses and midwives (per 1,000 people)",SH.MED.NUMW.P3,,,,,,,,,,,,,,,,,,,,,,,,,,,,,,,,,,,,,,,,,,,,,0.4672,,,,,,,,1.5599,1.8014,2.03,,,2.6854,,
Nauru,NRU,"Nurses and midwives (per 1,000 people)",SH.MED.NUMW.P3,,,,,,,,,,,,,,,,,,,,,,,,,,,,,,,,,,,,6,,,,,,,,,6.2376,,,,6.9697,,,6.8627,,,,6.1947,,,,
New Zealand,NZL,"Nurses and midwives (per 1,000 people)",SH.MED.NUMW.P3,,,,,,,,,,,,,,,,,,,,,,,,,,,,,,,,,,,,,,,,,7.9917,8.5082,,8.91,,,,10.5103,,,10.576,10.6174,10.5177,10.5209,10.5512,10.7919,10.9198,10.955,,
OECD members,OED,"Nurses and midwives (per 1,000 people)",SH.MED.NUMW.P3,,,,,,,,,,,,,,,,,,,,,,,,,,,,,,,,,,,,,,,,,6.959490315,,,,,,,,,,,,,,,8.044685447,,,,
Oman,OMN,"Nurses and midwives (per 1,000 people)",SH.MED.NUMW.P3,,,,,,,,,,,,,,,,,,,,,,,,,,,,,,,2.2884,,,,,2.7383,,2.5745,2.8265,2.8551,3.4519,,,,3.5774,3.6941,3.7224,3.9034,4.0714,4.1977,4.2298,4.3981,4.5105,4.5615,4.7451,4.6028,4.4657,4.3004,,
Other small states,OSS,"Nurses and midwives (per 1,000 people)",SH.MED.NUMW.P3,,,,,,,,,,,,,,,,,,,,,,,,,,,,,,,,,,,,,,,,,,,,,,,,,,,,,,,,3.139624944,,,,
Pakistan,PAK,"Nurses and midwives (per 1,000 people)",SH.MED.NUMW.P3,,,,,,,,,,,,,,,,,,,,,,,,,,,,,,,,,0.3259,0.3331,0.3438,0.3459,0.3687,0.3912,0.4162,0.4311,0.4335,0.443,,,0.476,,,,0.5556,0.5719,0.5886,0.446,,,0.604,0.5004,,,,
Panama,PAN,"Nurses and midwives (per 1,000 people)",SH.MED.NUMW.P3,,,,,,,,,,,,,,,,,,,,,,,,,,,,,,,0.9955,0.9742,0.9639,1.0066,1.0253,1.0443,1.0779,1.1048,1.0936,1.1423,2.765,1.8413,1.9163,2.1984,1.9908,2.0042,2.003,,,,2.4761,2.3138,,,,,1.41,,,
Peru,PER,"Nurses and midwives (per 1,000 people)",SH.MED.NUMW.P3,,,,,,,,,,,,,,,,,,,,,,,,,,,,,,,,,,,,,,,,0.6693,,,,,,,,3.5921,,1.299,1.271,,1.4929,,,,1.35,,,
Philippines,PHL,"Nurses and midwives (per 1,000 people)",SH.MED.NUMW.P3,,,,,,,,,,,,,,,,,,,,,,,,,,,,,,,,,,,,,,,,,4.3165,4.2985,4.2682,4.2376,4.2402,4.2778,4.4088,4.6594,5.1306,5.6589,3.3348,,,,,0.24,,,,
Palau,PLW,"Nurses and midwives (per 1,000 people)",SH.MED.NUMW.P3,,,,,,,,,,,,,,,,,,,,,,,,,,,,,,,,,,,,,,,6.1081,,,,,,6.0606,,5.9,,,5.5172,5.8049,,,,5.2607,,,,,
Papua New Guinea,PNG,"Nurses and midwives (per 1,000 people)",SH.MED.NUMW.P3,,,,,,,,,,,,,,,,,,,,,,,,,,,,,,,,,,,,,,,,,0.5099,,,,,,,,0.419,,0.5125,,,,,,,,,
Poland,POL,"Nurses and midwives (per 1,000 people)",SH.MED.NUMW.P3,,,,,,,,,,,,,,,,,,,,,,,,,,,,,,,,,,,,,,,,,,,,4.895,,5.18,5.187,,5.73,,6.4191,6.4267,6.7955,5.832,5.7861,5.7453,5.7221,,,
Pre-demographic dividend,PRE,"Nurses and midwives (per 1,000 people)",SH.MED.NUMW.P3,,,,,,,,,,,,,,,,,,,,,,,,,,,,,,,,,,,,,,,,,,,,,,,,,,,,,,,,0.861185984,,,,
Puerto Rico,PRI,"Nurses and midwives (per 1,000 people)",SH.MED.NUMW.P3,,,,,,,,,,,,,,,,,,,,,,,,,,,,,,,,,,,,,,,,,,,,,,,,,,,,,,,,,,,,
"Korea, Dem. Peopleâ€™s Rep.",PRK,"Nurses and midwives (per 1,000 people)",SH.MED.NUMW.P3,,,,,,,,,,,,,,,,,,,,,,,,,,,,,,,,,,,,,,,,,,,,3.9686,,,,,4.1409,,,4.091,,,4.7257,,,4.4382,,
Portugal,PRT,"Nurses and midwives (per 1,000 people)",SH.MED.NUMW.P3,,,,,,,,,,,,,,,,,,,,,,,,,,,,,,,,,,,,,,,,,,,4.0023,4.1812,4.3487,4.5577,4.8071,5.0873,5.3237,5.5908,6.0794,6.2921,6.4121,6.4878,6.5788,,6.3725,,,
Paraguay,PRY,"Nurses and midwives (per 1,000 people)",SH.MED.NUMW.P3,,,,,,,,,,,,,,,,,,,,,,,,,,,,,,,,,,,,,,,,,,,1.8627,,,,,,,,,,1.0486,,,,,0.3999,1.1669,
West Bank and Gaza,PSE,"Nurses and midwives (per 1,000 people)",SH.MED.NUMW.P3,,,,,,,,,,,,,,,,,,,,,,,,,,,,,,,,,,,,,,,,,,,,,,,,,,,,,,,,,,,,
Pacific island small states,PSS,"Nurses and midwives (per 1,000 people)",SH.MED.NUMW.P3,,,,,,,,,,,,,,,,,,,,,,,,,,,,,,,,,,,,,,,,,2.017730376,,,,,,,,,,,,,,,2.666355331,,,,
Post-demographic dividend,PST,"Nurses and midwives (per 1,000 people)",SH.MED.NUMW.P3,,,,,,,,,,,,,,,,,,,,,,,,,,,,,,,,,,,,,,,,,,,,,,,,,,,,,,,,9.162847349,,,,
French Polynesia,PYF,"Nurses and midwives (per 1,000 people)",SH.MED.NUMW.P3,,,,,,,,,,,,,,,,,,,,,,,,,,,,,,,,,,,,,,,,,,,,,,,,,,,,,,,,,,,,
Qatar,QAT,"Nurses and midwives (per 1,000 people)",SH.MED.NUMW.P3,,,,,,,,,,,,,,,,,,,,,,,,,,,,,,,,,,,,,,,,,,4.936,,,,5.6423,6.1213,,6.0664,4.7743,5.9645,,,,5.7998,,6.6028,,,
Romania,ROU,"Nurses and midwives (per 1,000 people)",SH.MED.NUMW.P3,,,,,,,,,,,,,,,,,,,,,,,,,,,,,,,,,,,,,,,,,,,,,,,4.19,,,,5.9238,6.0122,6.137,6.3273,,,6.0979,,,
Russian Federation,RUS,"Nurses and midwives (per 1,000 people)",SH.MED.NUMW.P3,,,,,,,,,,,,,,,,,,,,,,,,,,,,,,,,,,,,,,,,,,,,,,,8.519,,,,7.2541,8.7461,8.4968,8.7802,8.9509,8.6567,8.6212,,,
Rwanda,RWA,"Nurses and midwives (per 1,000 people)",SH.MED.NUMW.P3,,,,,,,,,,,,,,,,,,,,,,,,,,,,,,,,,,,,,,,,,,,,,0.413,0.448,,,0.675,0.6654,0.678,,,,,0.8307,,,,
South Asia,SAS,"Nurses and midwives (per 1,000 people)",SH.MED.NUMW.P3,,,,,,,,,,,,,,,,,,,,,,,,,,,,,,,0.377538565,,,,,,,,,,1.083631983,,,,,,,,,,,,,,,1.737238959,,,,
Saudi Arabia,SAU,"Nurses and midwives (per 1,000 people)",SH.MED.NUMW.P3,,,,,,,,,,,,,,,,,,,,,,,,,,,,,,,,,,,,,,,,,1.7576,,,,2.97,,,3.632,3.905,4.158,4.7325,4.7678,4.803,,5.2251,,5.7,,,
Sudan,SDN,"Nurses and midwives (per 1,000 people)",SH.MED.NUMW.P3,,,,,,,,,,,,,,,,,,,,,,,,,,,,,,,,,,,,,,,,,,,,,1.0434,,1.0553,1.0068,0.9843,,0.84,,,,1.2068,0.83,,,,
Senegal,SEN,"Nurses and midwives (per 1,000 people)",SH.MED.NUMW.P3,,,,,,,,,,,,,,,,,,,,,,,,,,,,,,,,,,,,,,,,,,,,,0.3,,,,0.4305,,0.42,,,1.3851,,0.7755,0.3129,,,
Singapore,SGP,"Nurses and midwives (per 1,000 people)",SH.MED.NUMW.P3,,,,,,,,,,,,,,,,,,,,,,,,,,,,,,,,,,,,,,,,4.1762,,4.3292,,,4.4231,4.4905,4.5376,4.7189,4.9904,5.3956,5.7821,5.2085,5.5803,5.6956,5.8268,,7.2141,,,
Solomon Islands,SLB,"Nurses and midwives (per 1,000 people)",SH.MED.NUMW.P3,,,,,,,,,,,,,,,,,,,,,,,,,,,,,,,,,,,,,,,,0.8991,,,,1.41,,1.4769,,,,2.0926,2.053,1.7921,1.7516,1.7711,,,2.1307,,,
Sierra Leone,SLE,"Nurses and midwives (per 1,000 people)",SH.MED.NUMW.P3,,,,,,,,,,,,,,,,,,,,,,,,,,,,,,,,,,,,,,,,,,,,,0.4614,,,,0.1607,,0.2852,0.2765,,,0.9962,,,,,
El Salvador,SLV,"Nurses and midwives (per 1,000 people)",SH.MED.NUMW.P3,,,,,,,,,,,,,,,,,,,,,,,,,,,,,,,,,,,,,,,,0.6755,,,0.859,,,0.3457,,1.3726,0.4794,,0.405,,,,,,2.278,,,
San Marino,SMR,"Nurses and midwives (per 1,000 people)",SH.MED.NUMW.P3,,,,,,,,,,,,,,,,,,,,,,,,,,,,,,,,,,,,,,,,,,,,,,,,,,,,8.8254,9.3417,9.226,8.7768,,,,,
Somalia,SOM,"Nurses and midwives (per 1,000 people)",SH.MED.NUMW.P3,,,,,,,,,,,,,,,,,,,,,,,,,,,,,,,,,,,,,,0.191,,,,,,,,,0.09,,,,0.114,,,,0.0611,,,,,
Serbia,SRB,"Nurses and midwives (per 1,000 people)",SH.MED.NUMW.P3,,,,,,,,,,,,,,,,,,,,,,,,,,,,,,,,,,,,,,,,,,,,,,,4.28,4.43,,,5.3224,5.3998,5.3719,5.3863,5.3377,4.7192,6.1203,,,
Sub-Saharan Africa (excluding high income),SSA,"Nurses and midwives (per 1,000 people)",SH.MED.NUMW.P3,,,,,,,,,,,,,,,,,,,,,,,,,,,,,,,,,,,,,,,,,,,,,,,,,,,,,,,,1.02838344,,,,
South Sudan,SSD,"Nurses and midwives (per 1,000 people)",SH.MED.NUMW.P3,,,,,,,,,,,,,,,,,,,,,,,,,,,,,,,,,,,,,,,,,,,,,,,,,,,,,,,,,,,,
Sub-Saharan Africa,SSF,"Nurses and midwives (per 1,000 people)",SH.MED.NUMW.P3,,,,,,,,,,,,,,,,,,,,,,,,,,,,,,,,,,,,,,,,,,,,,,,,,,,,,,,,1.02859599,,,,
Small states,SST,"Nurses and midwives (per 1,000 people)",SH.MED.NUMW.P3,,,,,,,,,,,,,,,,,,,,,,,,,,,,,,,,,,,,,,,,,,,,,,,,,,,,,,,,2.957036605,,,,
Sao Tome and Principe,STP,"Nurses and midwives (per 1,000 people)",SH.MED.NUMW.P3,,,,,,,,,,,,,,,,,,,,,,,,,,,,,,,,,,,,,,,,,,,,,2.0263,,,,,,,,,,,2.26,,,,
Suriname,SUR,"Nurses and midwives (per 1,000 people)",SH.MED.NUMW.P3,,,,,,,,,,,,,,,,,,,,,,,,,,,,,,,,,,,,,,,,,1.4564,,,,5.2269,,,,,3.0772,,,,,,,,4.0983,,
Slovak Republic,SVK,"Nurses and midwives (per 1,000 people)",SH.MED.NUMW.P3,,,,,,,,,,,,,,,,,,,,,,,,,,,,,,,,,,,,,,,,,,,,,,6.62,,,6.58,6.3838,6.7526,6.6023,6.4625,6.3921,6.3974,6.0052,9.1727,,,
Slovenia,SVN,"Nurses and midwives (per 1,000 people)",SH.MED.NUMW.P3,,,,,,,,,,,,,,,,,,,,,,,,,,,,,,,,,,,,,,,,,,,,,,7.99,7.813,,8.16,,8.2491,8.3832,8.2634,8.4125,8.6581,8.809,9.68,,,
Sweden,SWE,"Nurses and midwives (per 1,000 people)",SH.MED.NUMW.P3,,,,,,,,,,,,,,,,,,,,,,,,,,,,,,,,,,,,,,,,,,,10.235,,,,11.57,10.9656,11.861,,11.8208,11.8355,11.8672,11.891,11.8931,11.8503,11.5434,,,
Eswatini,SWZ,"Nurses and midwives (per 1,000 people)",SH.MED.NUMW.P3,,,,,,,,,,,,,,,,,,,,,,,,,,,,,,,,,,,,,,,,,3.1512,,,,6.235,,,,,1.3771,,1.0544,,,,2,,,,
Sint Maarten (Dutch part),SXM,"Nurses and midwives (per 1,000 people)",SH.MED.NUMW.P3,,,,,,,,,,,,,,,,,,,,,,,,,,,,,,,,,,,,,,,,,,,,,,,,,,,,,,,,,,,,
Seychelles,SYC,"Nurses and midwives (per 1,000 people)",SH.MED.NUMW.P3,,,,,,,,,,,,,,,,,,,,,,,,,,,,,,,,,,,,,,,,,,,,,7.2457,4.3968,4.6154,4.5515,4.4873,,4.5077,,4.5395,,,,3.2613,,,
Syrian Arab Republic,SYR,"Nurses and midwives (per 1,000 people)",SH.MED.NUMW.P3,,,,,,,,,,,,,,,,,,,,,,,,,,,,,,,,,,,,,,2.2244,2.3184,1.9051,1.9544,1.941,1.9602,1.8506,1.9155,1.8915,1.4,1.914,1.873,1.8766,1.9056,,,,2.2502,,1.46,,,
Turks and Caicos Islands,TCA,"Nurses and midwives (per 1,000 people)",SH.MED.NUMW.P3,,,,,,,,,,,,,,,,,,,,,,,,,,,,,,,,,,,,,,,,,,,,,,,,,,,,,,,,,,,,
Chad,TCD,"Nurses and midwives (per 1,000 people)",SH.MED.NUMW.P3,,,,,,,,,,,,,,,,,,,,,,,,,,,,,,,,,,,,,,0.0479,0.0562,0.0597,0.1248,,,,0.2574,,0.1815,,,,,,0.28,0.3089,,,0.3637,,,
East Asia & Pacific (IDA & IBRD countries),TEA,"Nurses and midwives (per 1,000 people)",SH.MED.NUMW.P3,,,,,,,,,,,,,,,,,,,,,,,,,,,,,,,0.795620899,,,,,,,,,,1.227670756,,,,,,,,,,,,,,,2.124821197,,,,
Europe & Central Asia (IDA & IBRD countries),TEC,"Nurses and midwives (per 1,000 people)",SH.MED.NUMW.P3,,,,,,,,,,,,,,,,,,,,,,,,,,,,,,,,,,,,,,,,,,,,,,,,,,,,,,,,6.921666412,,,,
Togo,TGO,"Nurses and midwives (per 1,000 people)",SH.MED.NUMW.P3,,,,,,,,,,,,,,,,,,,,,,,,,,,,,,,,,,,,,,,,,,,,,0.35,,,0.4122,0.2947,,1.4434,,,,,0.298,,,,
Thailand,THA,"Nurses and midwives (per 1,000 people)",SH.MED.NUMW.P3,,,,,,,,,,,,,,,,,,,,,,,,,,,,,,,,0.7106,,0.7996,,0.9121,,0.9261,1.0343,1.0915,2.831,1.2282,1.3217,,1.4877,,1.5445,1.5279,1.5838,1.6417,2.0639,,,,,2.3702,2.7786,2.9647,,
Tajikistan,TJK,"Nurses and midwives (per 1,000 people)",SH.MED.NUMW.P3,,,,,,,,,,,,,,,,,,,,,,,,,,,,,,,,,,,,,,,,,,,,,,,,,,3.3928,4.4184,4.5274,4.8766,4.938,5.233,,,,,
Turkmenistan,TKM,"Nurses and midwives (per 1,000 people)",SH.MED.NUMW.P3,,,,,,,,,,,,,,,,,,,,,,,,,,,,,,,,,,,,,,,,,,,9.4054,,,,4.7,4.52,,,4.7165,4.7175,4.6959,4.6488,4.6306,,,,,
Latin America & the Caribbean (IDA & IBRD countries),TLA,"Nurses and midwives (per 1,000 people)",SH.MED.NUMW.P3,,,,,,,,,,,,,,,,,,,,,,,,,,,,,,,,,,,,,,,,,1.911783949,,,,,,,,,,,,,,,4.662369149,,,,
Timor-Leste,TLS,"Nurses and midwives (per 1,000 people)",SH.MED.NUMW.P3,,,,,,,,,,,,,,,,,,,,,,,,,,,,,,,,,,,,,,,,,,,,,1.8009,,,0.9925,1.0231,1.1136,1.131,1.1339,,0.9659,1.358,1.4287,,1.6701,,
Middle East & North Africa (IDA & IBRD countries),TMN,"Nurses and midwives (per 1,000 people)",SH.MED.NUMW.P3,,,,,,,,,,,,,,,,,,,,,,,,,,,,,,,,,,,,,,,,,,,,,,,,,,,,,,,,1.752603675,,,,
Tonga,TON,"Nurses and midwives (per 1,000 people)",SH.MED.NUMW.P3,,,,,,,,,,,,,,,,,,,,,,,,,,,,,,,,,,,,,,,,,,3.4584,3.5282,,,,,2.932,3.534,3.6486,3.8425,,,3.8746,,,3.932,,,
South Asia (IDA & IBRD),TSA,"Nurses and midwives (per 1,000 people)",SH.MED.NUMW.P3,,,,,,,,,,,,,,,,,,,,,,,,,,,,,,,0.377538565,,,,,,,,,,1.083631983,,,,,,,,,,,,,,,1.737238959,,,,
Sub-Saharan Africa (IDA & IBRD countries),TSS,"Nurses and midwives (per 1,000 people)",SH.MED.NUMW.P3,,,,,,,,,,,,,,,,,,,,,,,,,,,,,,,,,,,,,,,,,,,,,,,,,,,,,,,,1.02859599,,,,
Trinidad and Tobago,TTO,"Nurses and midwives (per 1,000 people)",SH.MED.NUMW.P3,,,,,,,,,,,,,,,,,,,,,,,,,,,,,,,,,,,,2.9777,2.2656,2.2932,2.7255,2.885,2.5978,2.7759,2.9856,3.0997,,,3.5523,3.5721,,3.47,2.9403,3.2806,,,,3.5093,,,,
Tunisia,TUN,"Nurses and midwives (per 1,000 people)",SH.MED.NUMW.P3,,,,,,,,,,,,,,,,,,,,,,,,,,,,,,,,,,,,,,,,,,,,2.0799,2.8487,,,,2.1772,2.1536,2.2402,,,,2.4406,2.6478,2.6351,,,
Turkey,TUR,"Nurses and midwives (per 1,000 people)",SH.MED.NUMW.P3,,,,,,,,,,,,,,,,,,,,,,,,,,,,,,,1.3983,1.4818,1.5346,1.598,1.5962,1.7747,1.7413,1.7805,1.7986,1.7908,1.7575,1.7806,1.748,1.7575,1.7756,1.7926,1.8485,2.038,2.0952,2.1662,2.9789,3.1167,3.2431,3.2512,3.2209,2.6304,,,,
Tuvalu,TUV,"Nurses and midwives (per 1,000 people)",SH.MED.NUMW.P3,,,,,,,,,,,,,,,,,,,,,,,,,,,,,,,,,,,,,,,,,,,4.0625,5.102,,,,,6.2136,,5.818,,,,3.7615,,,,,
Tanzania,TZA,"Nurses and midwives (per 1,000 people)",SH.MED.NUMW.P3,,,,,,,,,,,,,,,,,,,,,,,,,,,,,,,,,,,,,,,,,,,0.3681,,,,0.2323,,,,0.242,,0.4238,,0.4126,,,,,
Uganda,UGA,"Nurses and midwives (per 1,000 people)",SH.MED.NUMW.P3,,,,,,,,,,,,,,,,,,,,,,,,,,,,,,,,,,,,,,,,,,,,,0.6881,1.3181,,,,,1.306,,1.1351,,,0.6303,,,,
Ukraine,UKR,"Nurses and midwives (per 1,000 people)",SH.MED.NUMW.P3,,,,,,,,,,,,,,,,,,,,,,,,,,,,,,,,,,,,,,,,,,,,,,,8.45,,,,7.9104,7.9118,7.966,8.0038,7.0576,,,,,
Upper middle income,UMC,"Nurses and midwives (per 1,000 people)",SH.MED.NUMW.P3,,,,,,,,,,,,,,,,,,,,,,,,,,,,,,,0.877004652,,,,,,,,,,1.453519471,,,,,,,,,,,,,,,3.476541976,,,,
Uruguay,URY,"Nurses and midwives (per 1,000 people)",SH.MED.NUMW.P3,,,,,,,,,,,,,,,,,,,,,,,,,,,,,,,,,,,,,,,,,,,0.8654,,,,2.9865,,5.8479,,5.548,,,,,,6.2782,1.9299,,
United States,USA,"Nurses and midwives (per 1,000 people)",SH.MED.NUMW.P3,,,,,,,,,,,,,,,,,,,,,,,,,,,,,,,,,,,,8.94,,,,,9.4673,,,,,9.9177,,,,,12.6078,,,,8.832,8.55,,,,
Uzbekistan,UZB,"Nurses and midwives (per 1,000 people)",SH.MED.NUMW.P3,,,,,,,,,,,,,,,,,,,,,,,,,,,,,,,,,,,,,,,,,,,,,,10.91,,10.81,,11.132,12.2281,12.273,12.2176,12.1486,12.0739,,,,,
St. Vincent and the Grenadines,VCT,"Nurses and midwives (per 1,000 people)",SH.MED.NUMW.P3,,,,,,,,,,,,,,,,,,,,,,,,,,,,,,,,,,,,,,2.5556,,,4.1427,4.4074,,,4.6409,,,,,,2.5801,,,,,,,,,
"Venezuela, RB",VEN,"Nurses and midwives (per 1,000 people)",SH.MED.NUMW.P3,,,,,,,,,,,,,,,,,,,,,,,,,,,,,,,,,,,,,,0.6499,,,,1.1223,,,,,,,,,,,,,,,,,,
British Virgin Islands,VGB,"Nurses and midwives (per 1,000 people)",SH.MED.NUMW.P3,,,,,,,,,,,,,,,,,,,,,,,,,,,,,,,,,,,,,,,,,,,,,,,,,,,,,,,,,,,,
Virgin Islands (U.S.),VIR,"Nurses and midwives (per 1,000 people)",SH.MED.NUMW.P3,,,,,,,,,,,,,,,,,,,,,,,,,,,,,,,,,,,,,,,,,,,,,,,,,,,,,,,,,,,,
Vietnam,VNM,"Nurses and midwives (per 1,000 people)",SH.MED.NUMW.P3,,,,,,,,,,,,,,,,,,,,,,,,,,,,,,,,,,,,,,,,,,0.7296,0.7542,,0.663,0.8263,0.8748,0.9448,1.0152,1.1022,1.2256,1.13,1.4419,1.226,1.4171,1.4092,1.4321,,,
Vanuatu,VUT,"Nurses and midwives (per 1,000 people)",SH.MED.NUMW.P3,,,,,,,,,,,,,,,,,,,,,,,,,,,,,,,,,,,,,,2.4457,,,,,,,1.7638,,,1.5636,1.6866,,1.696,,1.8545,,,,1.3853,,,
World,WLD,"Nurses and midwives (per 1,000 people)",SH.MED.NUMW.P3,,,,,,,,,,,,,,,,,,,,,,,,,,,,,,,,,,,,,,,,,2.433415178,,,,,,,,,,,,,,,3.423420298,,,,
Samoa,WSM,"Nurses and midwives (per 1,000 people)",SH.MED.NUMW.P3,,,,,,,,,,,,,,,,,,,,,,,,,,,,,,,,,,,,,,,,2.0081,,,,1.7445,,,,,1.8965,,1.536,,1.7865,,1.8565,,,,,
Kosovo,XKX,"Nurses and midwives (per 1,000 people)",SH.MED.NUMW.P3,,,,,,,,,,,,,,,,,,,,,,,,,,,,,,,,,,,,,,,,,,,,,,,,,,,,,,,,,,,,
"Yemen, Rep.",YEM,"Nurses and midwives (per 1,000 people)",SH.MED.NUMW.P3,,,,,,,,,,,,,,,,,,,,,,,,,,,,,,,,,,,,,,0.4039,,,,,,,0.6867,,,,,,0.7028,,,,0.73,,,,,
South Africa,ZAF,"Nurses and midwives (per 1,000 people)",SH.MED.NUMW.P3,,,,,,,,,,,,,,,,,,,,,,,,,,,,,,,,,,,,,,,3.9147,3.8371,3.7536,3.7154,3.676,3.7298,3.8232,3.9178,3.989,4.0882,4.2213,4.3518,4.4797,4.5576,4.6933,4.8486,4.9585,5.0391,5.1318,3.5171,,
Zambia,ZMB,"Nurses and midwives (per 1,000 people)",SH.MED.NUMW.P3,,,,,,,,,,,,,,,,,,,,,,,,,,,,,,,,,,,,,,,,,,,,,,0.6944,0.6758,,0.6949,0.7058,0.7171,,,,,,0.8925,,,
Zimbabwe,ZWE,"Nurses and midwives (per 1,000 people)",SH.MED.NUMW.P3,,,,,,,,,,,,,,,,,,,,,,,,,,,,,,,1.4896,,,,,1.5389,,,,,,,,,,,,,,1.2069,1.2089,1.1832,1.0561,1.2436,1.1546,,,,,
